Entity;Code;Day;Church and White (2011);UHSLC;Average of Church and White (2011) and UHSLC
World;OWID_WRL;1880-04-15;-183.31406;;-183.31406
World;OWID_WRL;1880-07-15;-183.24739;;-183.24739
World;OWID_WRL;1880-10-15;-174.1474;;-174.1474
World;OWID_WRL;1881-01-15;-159.68073;;-159.68073
World;OWID_WRL;1881-04-15;-172.41406;;-172.41406
World;OWID_WRL;1881-07-15;-174.01407;;-174.01407
World;OWID_WRL;1881-10-15;-186.0474;;-186.0474
World;OWID_WRL;1882-01-15;-189.48073;;-189.48073
World;OWID_WRL;1882-04-15;-184.21407;;-184.21407
World;OWID_WRL;1882-07-15;-190.08073;;-190.08073
World;OWID_WRL;1882-10-15;-202.5474;;-202.5474
World;OWID_WRL;1883-01-15;-204.38072;;-204.38072
World;OWID_WRL;1883-04-15;-192.48073;;-192.48073
World;OWID_WRL;1883-07-15;-185.1474;;-185.1474
World;OWID_WRL;1883-10-15;-179.81406;;-179.81406
World;OWID_WRL;1884-01-15;-166.61406;;-166.61406
World;OWID_WRL;1884-04-15;-158.98073;;-158.98073
World;OWID_WRL;1884-07-15;-166.28073;;-166.28073
World;OWID_WRL;1884-10-15;-174.51407;;-174.51407
World;OWID_WRL;1885-01-15;-173.3474;;-173.3474
World;OWID_WRL;1885-04-15;-166.61406;;-166.61406
World;OWID_WRL;1885-07-15;-167.68073;;-167.68073
World;OWID_WRL;1885-10-15;-166.58073;;-166.58073
World;OWID_WRL;1886-01-15;-171.11406;;-171.11406
World;OWID_WRL;1886-04-15;-164.08073;;-164.08073
World;OWID_WRL;1886-07-15;-164.21407;;-164.21407
World;OWID_WRL;1886-10-15;-178.98073;;-178.98073
World;OWID_WRL;1887-01-15;-184.18073;;-184.18073
World;OWID_WRL;1887-04-15;-180.78073;;-180.78073
World;OWID_WRL;1887-07-15;-170.21407;;-170.21407
World;OWID_WRL;1887-10-15;-171.88072;;-171.88072
World;OWID_WRL;1888-01-15;-175.88072;;-175.88072
World;OWID_WRL;1888-04-15;-177.71407;;-177.71407
World;OWID_WRL;1888-07-15;-172.61406;;-172.61406
World;OWID_WRL;1888-10-15;-170.41406;;-170.41406
World;OWID_WRL;1889-01-15;-171.08073;;-171.08073
World;OWID_WRL;1889-04-15;-167.98073;;-167.98073
World;OWID_WRL;1889-07-15;-169.71407;;-169.71407
World;OWID_WRL;1889-10-15;-177.1474;;-177.1474
World;OWID_WRL;1890-01-15;-176.5474;;-176.5474
World;OWID_WRL;1890-04-15;-160.71407;;-160.71407
World;OWID_WRL;1890-07-15;-166.98073;;-166.98073
World;OWID_WRL;1890-10-15;-175.28073;;-175.28073
World;OWID_WRL;1891-01-15;-186.48073;;-186.48073
World;OWID_WRL;1891-04-15;-171.01407;;-171.01407
World;OWID_WRL;1891-07-15;-167.71407;;-167.71407
World;OWID_WRL;1891-10-15;-168.21407;;-168.21407
World;OWID_WRL;1892-01-15;-167.5474;;-167.5474
World;OWID_WRL;1892-04-15;-163.41406;;-163.41406
World;OWID_WRL;1892-07-15;-167.58073;;-167.58073
World;OWID_WRL;1892-10-15;-176.08073;;-176.08073
World;OWID_WRL;1893-01-15;-170.81406;;-170.81406
World;OWID_WRL;1893-04-15;-160.8474;;-160.8474
World;OWID_WRL;1893-07-15;-162.98073;;-162.98073
World;OWID_WRL;1893-10-15;-164.48073;;-164.48073
World;OWID_WRL;1894-01-15;-170.08073;;-170.08073
World;OWID_WRL;1894-04-15;-173.21407;;-173.21407
World;OWID_WRL;1894-07-15;-176.88072;;-176.88072
World;OWID_WRL;1894-10-15;-177.01407;;-177.01407
World;OWID_WRL;1895-01-15;-161.11406;;-161.11406
World;OWID_WRL;1895-04-15;-166.0474;;-166.0474
World;OWID_WRL;1895-07-15;-163.1474;;-163.1474
World;OWID_WRL;1895-10-15;-158.74739;;-158.74739
World;OWID_WRL;1896-01-15;-171.4474;;-171.4474
World;OWID_WRL;1896-04-15;-172.88072;;-172.88072
World;OWID_WRL;1896-07-15;-160.31406;;-160.31406
World;OWID_WRL;1896-10-15;-169.8474;;-169.8474
World;OWID_WRL;1897-01-15;-173.38072;;-173.38072
World;OWID_WRL;1897-04-15;-162.48073;;-162.48073
World;OWID_WRL;1897-07-15;-152.1474;;-152.1474
World;OWID_WRL;1897-10-15;-168.9474;;-168.9474
World;OWID_WRL;1898-01-15;-169.24739;;-169.24739
World;OWID_WRL;1898-04-15;-147.9474;;-147.9474
World;OWID_WRL;1898-07-15;-157.11406;;-157.11406
World;OWID_WRL;1898-10-15;-155.61406;;-155.61406
World;OWID_WRL;1899-01-15;-150.58073;;-150.58073
World;OWID_WRL;1899-04-15;-149.88072;;-149.88072
World;OWID_WRL;1899-07-15;-151.68073;;-151.68073
World;OWID_WRL;1899-10-15;-140.08073;;-140.08073
World;OWID_WRL;15/01/1900;-150.31406;;-150.31406
World;OWID_WRL;15/04/1900;-151.78073;;-151.78073
World;OWID_WRL;15/07/1900;-152.0474;;-152.0474
World;OWID_WRL;15/10/1900;-155.38072;;-155.38072
World;OWID_WRL;15/01/1901;-155.4474;;-155.4474
World;OWID_WRL;15/04/1901;-156.58073;;-156.58073
World;OWID_WRL;15/07/1901;-156.5474;;-156.5474
World;OWID_WRL;15/10/1901;-147.48073;;-147.48073
World;OWID_WRL;15/01/1902;-145.58073;;-145.58073
World;OWID_WRL;15/04/1902;-150.78073;;-150.78073
World;OWID_WRL;15/07/1902;-153.71407;;-153.71407
World;OWID_WRL;15/10/1902;-145.41406;;-145.41406
World;OWID_WRL;15/01/1903;-144.81406;;-144.81406
World;OWID_WRL;15/04/1903;-134.61406;;-134.61406
World;OWID_WRL;15/07/1903;-138.3474;;-138.3474
World;OWID_WRL;15/10/1903;-145.71407;;-145.71407
World;OWID_WRL;15/01/1904;-144.78073;;-144.78073
World;OWID_WRL;15/04/1904;-147.74739;;-147.74739
World;OWID_WRL;15/07/1904;-152.24739;;-152.24739
World;OWID_WRL;15/10/1904;-155.08073;;-155.08073
World;OWID_WRL;15/01/1905;-160.5474;;-160.5474
World;OWID_WRL;15/04/1905;-160.81406;;-160.81406
World;OWID_WRL;15/07/1905;-154.41406;;-154.41406
World;OWID_WRL;15/10/1905;-150.81406;;-150.81406
World;OWID_WRL;15/01/1906;-154.9474;;-154.9474
World;OWID_WRL;15/04/1906;-150.41406;;-150.41406
World;OWID_WRL;15/07/1906;-146.8474;;-146.8474
World;OWID_WRL;15/10/1906;-148.98073;;-148.98073
World;OWID_WRL;15/01/1907;-151.1474;;-151.1474
World;OWID_WRL;15/04/1907;-147.28073;;-147.28073
World;OWID_WRL;15/07/1907;-147.38072;;-147.38072
World;OWID_WRL;15/10/1907;-157.0474;;-157.0474
World;OWID_WRL;15/01/1908;-154.48073;;-154.48073
World;OWID_WRL;15/04/1908;-153.9474;;-153.9474
World;OWID_WRL;15/07/1908;-149.61406;;-149.61406
World;OWID_WRL;15/10/1908;-156.48073;;-156.48073
World;OWID_WRL;15/01/1909;-152.31406;;-152.31406
World;OWID_WRL;15/04/1909;-146.31406;;-146.31406
World;OWID_WRL;15/07/1909;-152.78073;;-152.78073
World;OWID_WRL;15/10/1909;-148.6474;;-148.6474
World;OWID_WRL;15/01/1910;-150.8474;;-150.8474
World;OWID_WRL;15/04/1910;-150.9474;;-150.9474
World;OWID_WRL;15/07/1910;-146.31406;;-146.31406
World;OWID_WRL;15/10/1910;-148.71407;;-148.71407
World;OWID_WRL;15/01/1911;-149.1474;;-149.1474
World;OWID_WRL;15/04/1911;-144.08073;;-144.08073
World;OWID_WRL;15/07/1911;-141.38072;;-141.38072
World;OWID_WRL;15/10/1911;-133.58073;;-133.58073
World;OWID_WRL;15/01/1912;-142.9474;;-142.9474
World;OWID_WRL;15/04/1912;-149.68073;;-149.68073
World;OWID_WRL;15/07/1912;-142.6474;;-142.6474
World;OWID_WRL;15/10/1912;-141.08073;;-141.08073
World;OWID_WRL;15/01/1913;-142.0474;;-142.0474
World;OWID_WRL;15/04/1913;-150.21407;;-150.21407
World;OWID_WRL;15/07/1913;-140.31406;;-140.31406
World;OWID_WRL;15/10/1913;-136.11406;;-136.11406
World;OWID_WRL;15/01/1914;-137.5474;;-137.5474
World;OWID_WRL;15/04/1914;-139.6474;;-139.6474
World;OWID_WRL;15/07/1914;-143.61406;;-143.61406
World;OWID_WRL;15/10/1914;-132.18073;;-132.18073
World;OWID_WRL;15/01/1915;-108.7474;;-108.7474
World;OWID_WRL;15/04/1915;-124.214066;;-124.214066
World;OWID_WRL;15/07/1915;-135.9474;;-135.9474
World;OWID_WRL;15/10/1915;-136.3474;;-136.3474
World;OWID_WRL;15/01/1916;-129.58073;;-129.58073
World;OWID_WRL;15/04/1916;-125.58073;;-125.58073
World;OWID_WRL;15/07/1916;-134.78073;;-134.78073
World;OWID_WRL;15/10/1916;-132.61406;;-132.61406
World;OWID_WRL;15/01/1917;-127.78073;;-127.78073
World;OWID_WRL;15/04/1917;-137.38072;;-137.38072
World;OWID_WRL;15/07/1917;-134.48073;;-134.48073
World;OWID_WRL;15/10/1917;-135.68073;;-135.68073
World;OWID_WRL;15/01/1918;-134.41406;;-134.41406
World;OWID_WRL;15/04/1918;-138.5474;;-138.5474
World;OWID_WRL;15/07/1918;-135.71407;;-135.71407
World;OWID_WRL;15/10/1918;-134.1474;;-134.1474
World;OWID_WRL;15/01/1919;-141.0474;;-141.0474
World;OWID_WRL;15/04/1919;-138.38072;;-138.38072
World;OWID_WRL;15/07/1919;-128.48073;;-128.48073
World;OWID_WRL;15/10/1919;-130.78073;;-130.78073
World;OWID_WRL;15/01/1920;-138.31406;;-138.31406
World;OWID_WRL;15/04/1920;-134.81406;;-134.81406
World;OWID_WRL;15/07/1920;-127.18073;;-127.18073
World;OWID_WRL;15/10/1920;-133.78073;;-133.78073
World;OWID_WRL;15/01/1921;-131.91406;;-131.91406
World;OWID_WRL;15/04/1921;-126.814064;;-126.814064
World;OWID_WRL;15/07/1921;-129.5474;;-129.5474
World;OWID_WRL;15/10/1921;-136.5474;;-136.5474
World;OWID_WRL;15/01/1922;-131.9474;;-131.9474
World;OWID_WRL;15/04/1922;-129.88072;;-129.88072
World;OWID_WRL;15/07/1922;-133.6474;;-133.6474
World;OWID_WRL;15/10/1922;-134.74739;;-134.74739
World;OWID_WRL;15/01/1923;-128.58073;;-128.58073
World;OWID_WRL;15/04/1923;-126.51406;;-126.51406
World;OWID_WRL;15/07/1923;-129.5474;;-129.5474
World;OWID_WRL;15/10/1923;-134.28073;;-134.28073
World;OWID_WRL;15/01/1924;-138.71407;;-138.71407
World;OWID_WRL;15/04/1924;-136.38072;;-136.38072
World;OWID_WRL;15/07/1924;-138.98073;;-138.98073
World;OWID_WRL;15/10/1924;-139.01407;;-139.01407
World;OWID_WRL;15/01/1925;-135.61406;;-135.61406
World;OWID_WRL;15/04/1925;-137.11406;;-137.11406
World;OWID_WRL;15/07/1925;-138.4474;;-138.4474
World;OWID_WRL;15/10/1925;-135.8474;;-135.8474
World;OWID_WRL;15/01/1926;-133.21407;;-133.21407
World;OWID_WRL;15/04/1926;-135.58073;;-135.58073
World;OWID_WRL;15/07/1926;-126.28073;;-126.28073
World;OWID_WRL;15/10/1926;-122.68073;;-122.68073
World;OWID_WRL;15/01/1927;-133.5474;;-133.5474
World;OWID_WRL;15/04/1927;-128.71407;;-128.71407
World;OWID_WRL;15/07/1927;-127.7474;;-127.7474
World;OWID_WRL;15/10/1927;-131.98073;;-131.98073
World;OWID_WRL;15/01/1928;-138.51407;;-138.51407
World;OWID_WRL;15/04/1928;-134.58073;;-134.58073
World;OWID_WRL;15/07/1928;-128.88072;;-128.88072
World;OWID_WRL;15/10/1928;-133.88072;;-133.88072
World;OWID_WRL;15/01/1929;-141.3474;;-141.3474
World;OWID_WRL;15/04/1929;-133.11406;;-133.11406
World;OWID_WRL;15/07/1929;-129.08073;;-129.08073
World;OWID_WRL;15/10/1929;-131.4474;;-131.4474
World;OWID_WRL;15/01/1930;-134.6474;;-134.6474
World;OWID_WRL;15/04/1930;-136.01407;;-136.01407
World;OWID_WRL;15/07/1930;-122.91406;;-122.91406
World;OWID_WRL;15/10/1930;-124.78073;;-124.78073
World;OWID_WRL;15/01/1931;-130.8474;;-130.8474
World;OWID_WRL;15/04/1931;-130.08073;;-130.08073
World;OWID_WRL;15/07/1931;-126.7474;;-126.7474
World;OWID_WRL;15/10/1931;-131.21407;;-131.21407
World;OWID_WRL;15/01/1932;-126.714066;;-126.714066
World;OWID_WRL;15/04/1932;-124.41406;;-124.41406
World;OWID_WRL;15/07/1932;-125.14739;;-125.14739
World;OWID_WRL;15/10/1932;-122.64739;;-122.64739
World;OWID_WRL;15/01/1933;-117.54739;;-117.54739
World;OWID_WRL;15/04/1933;-116.314064;;-116.314064
World;OWID_WRL;15/07/1933;-119.98073;;-119.98073
World;OWID_WRL;15/10/1933;-122.88073;;-122.88073
World;OWID_WRL;15/01/1934;-123.8474;;-123.8474
World;OWID_WRL;15/04/1934;-120.64739;;-120.64739
World;OWID_WRL;15/07/1934;-127.3474;;-127.3474
World;OWID_WRL;15/10/1934;-128.5474;;-128.5474
World;OWID_WRL;15/01/1935;-119.3474;;-119.3474
World;OWID_WRL;15/04/1935;-116.11406;;-116.11406
World;OWID_WRL;15/07/1935;-118.14739;;-118.14739
World;OWID_WRL;15/10/1935;-123.7474;;-123.7474
World;OWID_WRL;15/01/1936;-120.51406;;-120.51406
World;OWID_WRL;15/04/1936;-124.947395;;-124.947395
World;OWID_WRL;15/07/1936;-124.814064;;-124.814064
World;OWID_WRL;15/10/1936;-124.08073;;-124.08073
World;OWID_WRL;15/01/1937;-119.714066;;-119.714066
World;OWID_WRL;15/04/1937;-117.54739;;-117.54739
World;OWID_WRL;15/07/1937;-119.88073;;-119.88073
World;OWID_WRL;15/10/1937;-115.8474;;-115.8474
World;OWID_WRL;15/01/1938;-110.91406;;-110.91406
World;OWID_WRL;15/04/1938;-112.11406;;-112.11406
World;OWID_WRL;15/07/1938;-121.54739;;-121.54739
World;OWID_WRL;15/10/1938;-115.14739;;-115.14739
World;OWID_WRL;15/01/1939;-114.58073;;-114.58073
World;OWID_WRL;15/04/1939;-111.54739;;-111.54739
World;OWID_WRL;15/07/1939;-101.48073;;-101.48073
World;OWID_WRL;15/10/1939;-112.01406;;-112.01406
World;OWID_WRL;15/01/1940;-111.91406;;-111.91406
World;OWID_WRL;15/04/1940;-117.48073;;-117.48073
World;OWID_WRL;15/07/1940;-121.68073;;-121.68073
World;OWID_WRL;15/10/1940;-111.18073;;-111.18073
World;OWID_WRL;15/01/1941;-106.01406;;-106.01406
World;OWID_WRL;15/04/1941;-103.41406;;-103.41406
World;OWID_WRL;15/07/1941;-100.7474;;-100.7474
World;OWID_WRL;15/10/1941;-101.48073;;-101.48073
World;OWID_WRL;15/01/1942;-107.2474;;-107.2474
World;OWID_WRL;15/04/1942;-108.3474;;-108.3474
World;OWID_WRL;15/07/1942;-101.447395;;-101.447395
World;OWID_WRL;15/10/1942;-97.04739;;-97.04739
World;OWID_WRL;15/01/1943;-97.88073;;-97.88073
World;OWID_WRL;15/04/1943;-98.51406;;-98.51406
World;OWID_WRL;15/07/1943;-104.01406;;-104.01406
World;OWID_WRL;15/10/1943;-107.98073;;-107.98073
World;OWID_WRL;15/01/1944;-105.2474;;-105.2474
World;OWID_WRL;15/04/1944;-102.814064;;-102.814064
World;OWID_WRL;15/07/1944;-116.947395;;-116.947395
World;OWID_WRL;15/10/1944;-112.88073;;-112.88073
World;OWID_WRL;15/01/1945;-107.64739;;-107.64739
World;OWID_WRL;15/04/1945;-107.01406;;-107.01406
World;OWID_WRL;15/07/1945;-104.447395;;-104.447395
World;OWID_WRL;15/10/1945;-108.447395;;-108.447395
World;OWID_WRL;15/01/1946;-103.54739;;-103.54739
World;OWID_WRL;15/04/1946;-98.68073;;-98.68073
World;OWID_WRL;15/07/1946;-92.68073;;-92.68073
World;OWID_WRL;15/10/1946;-101.01406;;-101.01406
World;OWID_WRL;15/01/1947;-104.28073;;-104.28073
World;OWID_WRL;15/04/1947;-101.7474;;-101.7474
World;OWID_WRL;15/07/1947;-97.447395;;-97.447395
World;OWID_WRL;15/10/1947;-86.8474;;-86.8474
World;OWID_WRL;15/01/1948;-87.3474;;-87.3474
World;OWID_WRL;15/04/1948;-92.98073;;-92.98073
World;OWID_WRL;15/07/1948;-91.814064;;-91.814064
World;OWID_WRL;15/10/1948;-90.8474;;-90.8474
World;OWID_WRL;15/01/1949;-87.314064;;-87.314064
World;OWID_WRL;15/04/1949;-92.54739;;-92.54739
World;OWID_WRL;15/07/1949;-95.41406;;-95.41406
World;OWID_WRL;15/10/1949;-93.68073;;-93.68073
World;OWID_WRL;15/01/1950;-92.28073;;-92.28073
World;OWID_WRL;15/04/1950;-92.2474;;-92.2474
World;OWID_WRL;15/07/1950;-91.447395;;-91.447395
World;OWID_WRL;15/10/1950;-87.61406;;-87.61406
World;OWID_WRL;15/01/1951;-82.01406;;-82.01406
World;OWID_WRL;15/04/1951;-74.01406;;-74.01406
World;OWID_WRL;15/07/1951;-82.314064;;-82.314064
World;OWID_WRL;15/10/1951;-83.947395;;-83.947395
World;OWID_WRL;15/01/1952;-85.08073;;-85.08073
World;OWID_WRL;15/04/1952;-86.98073;;-86.98073
World;OWID_WRL;15/07/1952;-84.48073;;-84.48073
World;OWID_WRL;15/10/1952;-79.61406;;-79.61406
World;OWID_WRL;15/01/1953;-76.8474;;-76.8474
World;OWID_WRL;15/04/1953;-78.28073;;-78.28073
World;OWID_WRL;15/07/1953;-75.3474;;-75.3474
World;OWID_WRL;15/10/1953;-82.214066;;-82.214066
World;OWID_WRL;15/01/1954;-82.18073;;-82.18073
World;OWID_WRL;15/04/1954;-81.2474;;-81.2474
World;OWID_WRL;15/07/1954;-86.714066;;-86.714066
World;OWID_WRL;15/10/1954;-80.814064;;-80.814064
World;OWID_WRL;15/01/1955;-72.38073;;-72.38073
World;OWID_WRL;15/04/1955;-79.61406;;-79.61406
World;OWID_WRL;15/07/1955;-87.447395;;-87.447395
World;OWID_WRL;15/10/1955;-81.7474;;-81.7474
World;OWID_WRL;15/01/1956;-82.38073;;-82.38073
World;OWID_WRL;15/04/1956;-82.38073;;-82.38073
World;OWID_WRL;15/07/1956;-86.58073;;-86.58073
World;OWID_WRL;15/10/1956;-90.01406;;-90.01406
World;OWID_WRL;15/01/1957;-83.01406;;-83.01406
World;OWID_WRL;15/04/1957;-70.11406;;-70.11406
World;OWID_WRL;15/07/1957;-69.54739;;-69.54739
World;OWID_WRL;15/10/1957;-72.8474;;-72.8474
World;OWID_WRL;15/01/1958;-72.2474;;-72.2474
World;OWID_WRL;15/04/1958;-73.314064;;-73.314064
World;OWID_WRL;15/07/1958;-72.91406;;-72.91406
World;OWID_WRL;15/10/1958;-68.814064;;-68.814064
World;OWID_WRL;15/01/1959;-68.714066;;-68.714066
World;OWID_WRL;15/04/1959;-73.11406;;-73.11406
World;OWID_WRL;15/07/1959;-70.214066;;-70.214066
World;OWID_WRL;15/10/1959;-69.91406;;-69.91406
World;OWID_WRL;15/01/1960;-70.38073;;-70.38073
World;OWID_WRL;15/04/1960;-66.48073;;-66.48073
World;OWID_WRL;15/07/1960;-66.88073;;-66.88073
World;OWID_WRL;15/10/1960;-67.58073;;-67.58073
World;OWID_WRL;15/01/1961;-60.247395;;-60.247395
World;OWID_WRL;15/04/1961;-56.247395;;-56.247395
World;OWID_WRL;15/07/1961;-60.747395;;-60.747395
World;OWID_WRL;15/10/1961;-65.64739;;-65.64739
World;OWID_WRL;15/01/1962;-66.68073;;-66.68073
World;OWID_WRL;15/04/1962;-67.61406;;-67.61406
World;OWID_WRL;15/07/1962;-68.04739;;-68.04739
World;OWID_WRL;15/10/1962;-63.414062;;-63.414062
World;OWID_WRL;15/01/1963;-63.88073;;-63.88073
World;OWID_WRL;15/04/1963;-65.51406;;-65.51406
World;OWID_WRL;15/07/1963;-69.91406;;-69.91406
World;OWID_WRL;15/10/1963;-69.01406;;-69.01406
World;OWID_WRL;15/01/1964;-77.947395;;-77.947395
World;OWID_WRL;15/04/1964;-81.947395;;-81.947395
World;OWID_WRL;15/07/1964;-70.98073;;-70.98073
World;OWID_WRL;15/10/1964;-73.11406;;-73.11406
World;OWID_WRL;15/01/1965;-66.18073;;-66.18073
World;OWID_WRL;15/04/1965;-67.04739;;-67.04739
World;OWID_WRL;15/07/1965;-66.314064;;-66.314064
World;OWID_WRL;15/10/1965;-60.747395;;-60.747395
World;OWID_WRL;15/01/1966;-64.28073;;-64.28073
World;OWID_WRL;15/04/1966;-70.08073;;-70.08073
World;OWID_WRL;15/07/1966;-70.48073;;-70.48073
World;OWID_WRL;15/10/1966;-71.68073;;-71.68073
World;OWID_WRL;15/01/1967;-72.91406;;-72.91406
World;OWID_WRL;15/04/1967;-73.8474;;-73.8474
World;OWID_WRL;15/07/1967;-66.447395;;-66.447395
World;OWID_WRL;15/10/1967;-63.947395;;-63.947395
World;OWID_WRL;15/01/1968;-63.48073;;-63.48073
World;OWID_WRL;15/04/1968;-75.48073;;-75.48073
World;OWID_WRL;15/07/1968;-72.814064;;-72.814064
World;OWID_WRL;15/10/1968;-60.01406;;-60.01406
World;OWID_WRL;15/01/1969;-59.71406;;-59.71406
World;OWID_WRL;15/04/1969;-60.314064;;-60.314064
World;OWID_WRL;15/07/1969;-62.614063;;-62.614063
World;OWID_WRL;15/10/1969;-60.347397;;-60.347397
World;OWID_WRL;15/01/1970;-61.51406;-60.965443;-61.239754
World;OWID_WRL;15/04/1970;-63.114063;-70.065575;-66.58982
World;OWID_WRL;15/07/1970;-64.7474;-70.86889;-67.80814
World;OWID_WRL;15/10/1970;-62.814064;-67.10528;-64.95967
World;OWID_WRL;15/01/1971;-57.48073;-61.24614;-59.363434
World;OWID_WRL;15/04/1971;-55.347397;-59.23478;-57.29109
World;OWID_WRL;15/07/1971;-60.48073;-62.55456;-61.517647
World;OWID_WRL;15/10/1971;-57.08073;-63.143173;-60.111954
World;OWID_WRL;15/01/1972;-56.51406;-58.4022;-57.45813
World;OWID_WRL;15/04/1972;-47.08073;-48.94231;-48.01152
World;OWID_WRL;15/07/1972;-43.71406;-43.773945;-43.744003
World;OWID_WRL;15/10/1972;-49.747395;-46.40693;-48.077164
World;OWID_WRL;15/01/1973;-54.68073;-51.333157;-53.006943
World;OWID_WRL;15/04/1973;-56.280727;-58.17343;-57.22708
World;OWID_WRL;15/07/1973;-56.747395;-62.648876;-59.698135
World;OWID_WRL;15/10/1973;-53.18073;-58.8008;-55.990765
World;OWID_WRL;15/01/1974;-40.18073;-48.89802;-44.539375
World;OWID_WRL;15/04/1974;-40.48073;-42.103897;-41.292313
World;OWID_WRL;15/07/1974;-43.18073;-41.65436;-42.417545
World;OWID_WRL;15/10/1974;-46.047398;-42.008423;-44.02791
World;OWID_WRL;15/01/1975;-43.947395;-38.535313;-41.241356
World;OWID_WRL;15/04/1975;-42.914062;-37.595917;-40.25499
World;OWID_WRL;15/07/1975;-45.847397;-43.241394;-44.544395
World;OWID_WRL;15/10/1975;-43.747395;-48.989594;-46.368492
World;OWID_WRL;15/01/1976;-46.68073;-48.211098;-47.445915
World;OWID_WRL;15/04/1976;-46.280727;-40.490795;-43.38576
World;OWID_WRL;15/07/1976;-44.747395;-35.552433;-40.149914
World;OWID_WRL;15/10/1976;-44.414062;-38.36746;-41.390762
World;OWID_WRL;15/01/1977;-44.247395;-45.422523;-44.83496
World;OWID_WRL;15/04/1977;-49.614063;-49.78769;-49.700874
World;OWID_WRL;15/07/1977;-48.51406;-48.42481;-48.469437
World;OWID_WRL;15/10/1977;-45.547398;-45.663033;-45.605217
World;OWID_WRL;15/01/1978;-38.247395;-44.28004;-41.263718
World;OWID_WRL;15/04/1978;-37.347397;-46.41108;-41.87924
World;OWID_WRL;15/07/1978;-41.814064;-48.969936;-45.392
World;OWID_WRL;15/10/1978;-42.21406;-52.650047;-47.432053
World;OWID_WRL;15/01/1979;-49.614063;-56.813953;-53.21401
World;OWID_WRL;15/04/1979;-49.38073;-54.330048;-51.85539
World;OWID_WRL;15/07/1979;-46.814064;-49.886684;-48.350372
World;OWID_WRL;15/10/1979;-39.38073;-45.608467;-42.4946
World;OWID_WRL;15/01/1980;-37.68073;-41.57064;-39.625687
World;OWID_WRL;15/04/1980;-38.914062;-41.308678;-40.11137
World;OWID_WRL;15/07/1980;-41.88073;-40.97322;-41.426975
World;OWID_WRL;15/10/1980;-40.98073;-35.6162;-38.298462
World;OWID_WRL;15/01/1981;-31.080729;-29.865328;-30.473028
World;OWID_WRL;15/04/1981;-26.814062;-30.44417;-28.629116
World;OWID_WRL;15/07/1981;-25.98073;-31.339901;-28.660316
World;OWID_WRL;15/10/1981;-25.914062;-29.950584;-27.932323
World;OWID_WRL;15/01/1982;-30.214062;-31.366888;-30.790474
World;OWID_WRL;15/04/1982;-35.314064;-32.785023;-34.049545
World;OWID_WRL;15/07/1982;-37.88073;-29.689114;-33.78492
World;OWID_WRL;15/10/1982;-28.614063;-25.37309;-26.993576
World;OWID_WRL;15/01/1983;-23.547396;-24.527468;-24.037432
World;OWID_WRL;15/04/1983;-18.614063;-27.786089;-23.200077
World;OWID_WRL;15/07/1983;-22.28073;-31.965904;-27.123318
World;OWID_WRL;15/10/1983;-30.647396;-33.49639;-32.07189
World;OWID_WRL;15/01/1984;-30.48073;-32.678143;-31.579437
World;OWID_WRL;15/04/1984;-25.047396;-30.10078;-27.57409
World;OWID_WRL;15/07/1984;-21.714062;-28.37149;-25.042776
World;OWID_WRL;15/10/1984;-24.814062;-30.765774;-27.789917
World;OWID_WRL;15/01/1985;-31.680729;-35.550476;-33.6156
World;OWID_WRL;15/04/1985;-35.21406;-35.802814;-35.50844
World;OWID_WRL;15/07/1985;-36.98073;-33.032818;-35.006775
World;OWID_WRL;15/10/1985;-36.58073;-33.82041;-35.20057
World;OWID_WRL;15/01/1986;-33.814064;-34.42946;-34.12176
World;OWID_WRL;15/04/1986;-33.780727;-31.909176;-32.84495
World;OWID_WRL;15/07/1986;-35.18073;-30.891478;-33.036102
World;OWID_WRL;15/10/1986;-36.814064;-30.12309;-33.46858
World;OWID_WRL;15/01/1987;-33.847397;-25.16374;-29.50557
World;OWID_WRL;15/04/1987;-34.280727;-23.529448;-28.905087
World;OWID_WRL;15/07/1987;-33.247395;-29.54971;-31.398552
World;OWID_WRL;15/10/1987;-37.614063;-31.017202;-34.31563
World;OWID_WRL;15/01/1988;-31.414062;-24.54147;-27.977766
World;OWID_WRL;15/04/1988;-31.647396;-23.124275;-27.385836
World;OWID_WRL;15/07/1988;-28.847395;-25.071793;-26.959595
World;OWID_WRL;15/10/1988;-26.514063;-26.861702;-26.687881
World;OWID_WRL;15/01/1989;-31.847395;-28.08075;-29.964073
World;OWID_WRL;15/04/1989;-24.614063;-23.92402;-24.269043
World;OWID_WRL;15/07/1989;-25.147396;-21.495914;-23.321655
World;OWID_WRL;15/10/1989;-22.247396;-21.381397;-21.814396
World;OWID_WRL;15/01/1990;-25.247396;-21.553032;-23.400215
World;OWID_WRL;15/04/1990;-28.314062;-19.817095;-24.065578
World;OWID_WRL;15/07/1990;-22.847395;-13.921522;-18.384459
World;OWID_WRL;15/10/1990;-19.48073;-13.250272;-16.365501
World;OWID_WRL;15/01/1991;-20.347395;-15.963681;-18.155539
World;OWID_WRL;15/04/1991;-21.814062;-13.357145;-17.585604
World;OWID_WRL;15/07/1991;-22.814062;-8.976906;-15.895484
World;OWID_WRL;15/10/1991;-18.947395;-6.430251;-12.688824
World;OWID_WRL;15/01/1992;-16.38073;-5.97262;-11.176675
World;OWID_WRL;15/04/1992;-17.414062;-9.064393;-13.239227
World;OWID_WRL;15/07/1992;-20.247396;-12.709233;-16.478315
World;OWID_WRL;15/10/1992;-17.814062;-15.452538;-16.6333
World;OWID_WRL;15/01/1993;-19.580729;-16.695967;-18.138348
World;OWID_WRL;15/04/1993;-16.314062;-16.86378;-16.58892
World;OWID_WRL;15/07/1993;-22.78073;-22.299494;-22.540112
World;OWID_WRL;15/10/1993;-28.714062;-26.169756;-27.44191
World;OWID_WRL;15/01/1994;-22.347395;-20.214705;-21.28105
World;OWID_WRL;15/04/1994;-20.080729;-15.191895;-17.63631
World;OWID_WRL;15/07/1994;-17.98073;-16.18246;-17.081596
World;OWID_WRL;15/10/1994;-18.247396;-15.303903;-16.77565
World;OWID_WRL;15/01/1995;-16.347395;-10.713536;-13.530466
World;OWID_WRL;15/04/1995;-15.280729;-8.988283;-12.134506
World;OWID_WRL;15/07/1995;-15.5807295;-10.997421;-13.289076
World;OWID_WRL;15/10/1995;-11.547396;-9.467109;-10.507252
World;OWID_WRL;15/01/1996;-7.247396;-6.8699245;-7.0586605
World;OWID_WRL;15/04/1996;-15.180729;-9.217386;-12.199058
World;OWID_WRL;15/07/1996;-11.947396;-10.96046;-11.453928
World;OWID_WRL;15/10/1996;-5.1473956;-9.552796;-7.3500957
World;OWID_WRL;15/01/1997;-6.480729;-6.3922005;-6.436465
World;OWID_WRL;15/04/1997;0.11927083;-2.5415742;-1.2111517
World;OWID_WRL;15/07/1997;-2.6473958;-2.469882;-2.558639
World;OWID_WRL;15/10/1997;-2.1140625;-1.9077556;-2.010909
World;OWID_WRL;15/01/1998;-1.8473958;-2.5314734;-2.1894345
World;OWID_WRL;15/04/1998;-11.647396;-8.481188;-10.064292
World;OWID_WRL;15/07/1998;-10.814062;-10.166642;-10.490353
World;OWID_WRL;15/10/1998;-9.114062;-7.2468753;-8.180469
World;OWID_WRL;15/01/1999;-8.480729;-3.5139046;-5.997317
World;OWID_WRL;15/04/1999;-0.64739585;-1.1699636;-0.9086797
World;OWID_WRL;15/07/1999;-0.24739583;-0.962018;-0.60470694
World;OWID_WRL;15/10/1999;-3.0807292;-1.8299992;-2.4553642
World;OWID_WRL;15/01/2000;-8.347396;-2.004248;-5.175822
World;OWID_WRL;15/04/2000;0.7859375;-0.45580158;0.16506796
World;OWID_WRL;15/07/2000;2.952604;-2.295423;0.3285905
World;OWID_WRL;15/10/2000;-4.6140623;-2.521531;-3.5677967
World;OWID_WRL;15/01/2001;-0.8140625;2.2887645;0.737351
World;OWID_WRL;15/04/2001;2.7526042;4.0925627;3.4225836
World;OWID_WRL;15/07/2001;4.7192707;3.3461213;4.032696
World;OWID_WRL;15/10/2001;3.3192708;3.4778578;3.3985643
World;OWID_WRL;15/01/2002;-2.780729;0.6639811;-1.0583739
World;OWID_WRL;15/04/2002;-1.0473958;-2.0881639;-1.5677798
World;OWID_WRL;15/07/2002;2.152604;0.020047083;1.0863256
World;OWID_WRL;15/10/2002;5.2192707;1.5205593;3.369915
World;OWID_WRL;15/01/2003;4.3859377;2.1079428;3.2469401
World;OWID_WRL;15/04/2003;5.919271;4.6569943;5.2881327
World;OWID_WRL;15/07/2003;14.619271;6.9256134;10.772442
World;OWID_WRL;15/10/2003;15.719271;8.012266;11.865768
World;OWID_WRL;15/01/2004;8.2526045;6.86924;7.560922
World;OWID_WRL;15/04/2004;9.152604;6.2509966;7.7018003
World;OWID_WRL;15/07/2004;13.652604;7.5435653;10.598084
World;OWID_WRL;15/10/2004;9.985937;7.4263935;8.706165
World;OWID_WRL;15/01/2005;10.619271;7.428711;9.023991
World;OWID_WRL;15/04/2005;10.052604;8.212508;9.132556
World;OWID_WRL;15/07/2005;12.119271;8.810124;10.464698
World;OWID_WRL;15/10/2005;6.3526044;9.226936;7.78977
World;OWID_WRL;15/01/2006;6.652604;12.077223;9.364914
World;OWID_WRL;15/04/2006;14.119271;15.414861;14.767066
World;OWID_WRL;15/07/2006;9.519271;15.309106;12.414188
World;OWID_WRL;15/10/2006;13.652604;12.80933;13.230967
World;OWID_WRL;15/01/2007;4.3859377;8.662701;6.524319
World;OWID_WRL;15/04/2007;10.385938;9.705506;10.045722
World;OWID_WRL;15/07/2007;22.785938;14.288616;18.537277
World;OWID_WRL;15/10/2007;17.51927;14.50125;16.01026
World;OWID_WRL;15/01/2008;17.552605;15.584626;16.568615
World;OWID_WRL;15/04/2008;25.352604;21.90852;23.630562
World;OWID_WRL;15/07/2008;30.452604;24.80161;27.627108
World;OWID_WRL;15/10/2008;23.819271;20.322983;22.071127
World;OWID_WRL;15/01/2009;19.319271;18.41353;18.866402
World;OWID_WRL;15/04/2009;24.652605;22.41509;23.533848
World;OWID_WRL;15/07/2009;33.652603;28.418468;31.035536
World;OWID_WRL;15/10/2009;38.085938;35.728676;36.907307
World;OWID_WRL;15/01/2010;;38.776936;38.776936
World;OWID_WRL;15/04/2010;;34.88547;34.88547
World;OWID_WRL;15/07/2010;;33.87824;33.87824
World;OWID_WRL;15/10/2010;;37.251026;37.251026
World;OWID_WRL;15/01/2011;;37.34795;37.34795
World;OWID_WRL;15/04/2011;;35.97776;35.97776
World;OWID_WRL;15/07/2011;;36.71847;36.71847
World;OWID_WRL;15/10/2011;;34.682507;34.682507
World;OWID_WRL;15/01/2012;;34.20025;34.20025
World;OWID_WRL;15/04/2012;;41.720886;41.720886
World;OWID_WRL;15/07/2012;;47.173904;47.173904
World;OWID_WRL;15/10/2012;;46.271473;46.271473
World;OWID_WRL;15/01/2013;;44.80457;44.80457
World;OWID_WRL;15/04/2013;;44.577915;44.577915
World;OWID_WRL;15/07/2013;;41.337986;41.337986
World;OWID_WRL;15/10/2013;;37.38712;37.38712
World;OWID_WRL;15/01/2014;;41.268642;41.268642
World;OWID_WRL;15/04/2014;;48.816914;48.816914
World;OWID_WRL;15/07/2014;;53.857372;53.857372
World;OWID_WRL;15/10/2014;;55.675884;55.675884
World;OWID_WRL;15/01/2015;;53.264576;53.264576
World;OWID_WRL;15/04/2015;;50.08209;50.08209
World;OWID_WRL;15/07/2015;;50.461704;50.461704
World;OWID_WRL;15/10/2015;;54.90935;54.90935
World;OWID_WRL;15/01/2016;;58.723286;58.723286
World;OWID_WRL;15/04/2016;;56.711594;56.711594
World;OWID_WRL;15/07/2016;;54.346962;54.346962
World;OWID_WRL;15/10/2016;;55.541004;55.541004
World;OWID_WRL;15/01/2017;;54.96168;54.96168
World;OWID_WRL;15/04/2017;;55.612373;55.612373
World;OWID_WRL;15/07/2017;;57.35599;57.35599
World;OWID_WRL;15/10/2017;;52.51952;52.51952
World;OWID_WRL;15/01/2018;;49.370857;49.370857
World;OWID_WRL;15/04/2018;;52.57545;52.57545
World;OWID_WRL;15/07/2018;;53.08512;53.08512
World;OWID_WRL;15/10/2018;;53.301662;53.301662
World;OWID_WRL;15/01/2019;;56.607487;56.607487
World;OWID_WRL;15/04/2019;;58.671906;58.671906
World;OWID_WRL;15/07/2019;;61.393715;61.393715
World;OWID_WRL;15/10/2019;;67.24985;67.24985
World;OWID_WRL;15/01/2020;;68.81163;68.81163
World;OWID_WRL;15/04/2020;;66.73996;66.73996
World;OWID_WRL;15/07/2020;;66.70432;66.70432
World;OWID_WRL;15/10/2020;;61.74304;61.74304
